"cluster","median.target","median.matched","pval","comparison","FDR","significant","cluster.dynamics"
"c1.2L.1_5",0.0146937666666667,0.00435742666666667,4.59158543116549e-06,"2_4",6.00813838333357e-06,"yes","positive"
"c1.3R.1_5",0.00944823333333344,-0.000959873333333333,7.86409431356126e-20,"2_4",2.05805021397454e-19,"yes","positive"
"c1.X.1_5",0.02518175,0.00173485000000001,2.30499383047118e-95,"2_4",2.18087877806119e-94,"yes","positive"
"c1.3L.1_5",0.00226301433333333,-0.000301961666666668,2.97051318027234e-06,"2_4",3.97144696927715e-06,"yes","positive"
"c1.2R.1_5",0.0142565333333333,0.00103066333333333,1.96816604885047e-189,"2_4",4.03474040014346e-188,"yes","positive"
"c2.3L.1_5",0.0178202216666667,0.00187311666666665,1.66717916478924e-12,"2_4",3.15481595798579e-12,"yes","positive"
"c2.3R.1_5",0.01714455,8.50333333333453e-05,7.0521662730225e-237,"2_4",2.16854112895442e-235,"yes","positive"
"c3.3L.1_5",0.00342293333333332,0.000767399999999974,1.52446321836521e-22,"2_4",4.68772439647302e-22,"yes","positive"
"c2.X.1_5",0.006703445,-1.65583333333469e-05,1.86318020464618e-10,"2_4",3.32132123436928e-10,"yes","positive"
"c2.2L.1_5",0.00198187333333333,0.00268333,0.480240822551845,"2_4",0.484177222736696,"no","neutral"
"c3.X.1_5",0.010704,0.00149945999999999,1.47588760447245e-17,"2_4",3.42517311981342e-17,"yes","positive"
"c3.2L.1_5",0.0119335066666667,0.0032466333333333,1.3696762068405e-09,"2_4",2.15987401847925e-09,"yes","positive"
"c4.2L.1_5",0.00852663666666666,0.00232303333333328,1.59752034215236e-09,"2_4",2.48727850740178e-09,"yes","positive"
"c5.2L.1_5",0.01789971,0.00318716583333333,2.2931067646605e-51,"2_4",1.22631361762279e-50,"yes","positive"
"c4.X.1_5",0.00732985000000004,0.00215603333333336,3.12398148345923e-15,"2_4",6.62499521492216e-15,"yes","positive"
"c2.2R.1_5",0.0201086333333333,0.00127784,7.48687918441712e-137,"2_4",1.02320682187034e-135,"yes","positive"
"c6.2L.1_5",0.0103077066666667,1.794166666667e-05,5.29657847296578e-07,"2_4",7.40317218380444e-07,"yes","positive"
"c5.X.1_5",0.0133256666666666,0.00175485,9.42835998747884e-15,"2_4",1.93281379743316e-14,"yes","positive"
"c7.2L.1_5",0.0278437266666667,0.00494118333333333,3.31460826815663e-19,"2_4",8.32034320374011e-19,"yes","positive"
"c3.2R.1_5",0.00680224500000001,0.00140320333333333,0.00448931578811388,"2_4",0.00525891278036197,"yes","positive"
"c3.3R.1_5",0.00902579333333333,0.00040594,3.63590469714924e-69,"2_4",2.79510173593348e-68,"yes","positive"
"c4.2R.1_5",0.00789643666666667,0.00113755833333334,5.59764709595333e-10,"2_4",9.30419720003054e-10,"yes","positive"
"c8.2L.1_5",0.0140732,0.00307088,7.03576117398466e-52,"2_4",3.93363011090961e-51,"yes","positive"
"c6.X.1_5",0.00681084166666667,-0.000460399999999972,3.76609714381519e-07,"2_4",5.32448216884216e-07,"yes","positive"
"c5.2R.1_5",0.0205060433333333,0.000689049999999997,3.10596140525431e-36,"2_4",1.23236533176219e-35,"yes","positive"
"c6.2R.1_5",0.00349046666666669,0.00378296666666667,0.121440497448628,"2_4",0.132187444125498,"no","neutral"
"c7.2R.1_5",0.0130223,0.000269189999999994,1.21005157108283e-09,"2_4",1.93293952263881e-09,"yes","positive"
"c8.2R.1_5",0.0115954,-0.000140973333333332,3.4179515675901e-18,"2_4",8.08477005410735e-18,"yes","positive"
"c9.2L.1_5",0.0119309183333333,0.00336600000000003,5.348560022366e-10,"2_4",9.01195729795915e-10,"yes","positive"
"c9.2R.1_5",0.0137718566666666,0.000981683333333332,4.52330970063645e-11,"2_4",8.1818690173277e-11,"yes","positive"
"c10.2R.1_5",0.0112806,-0.00022983666666667,9.19482210641045e-25,"2_4",2.89990543356022e-24,"yes","positive"
"c4.3R.1_5",0.00704803,0.000478423333333322,1.17782345583641e-05,"2_4",1.52497142176714e-05,"yes","positive"
"c10.2L.1_5",0.0266778216666667,0.00338926833333334,3.84090305914056e-14,"2_4",7.61985606894014e-14,"yes","positive"
"c11.2L.1_5",0.0129838699999999,0.00274087833333336,2.69988574189458e-08,"2_4",4.0010354970245e-08,"yes","positive"
"c12.2L.1_5",0.0187886866666667,0.00198243333333337,7.36537852182274e-35,"2_4",2.74527744904302e-34,"yes","positive"
"c11.2R.1_5",0.00988654166666665,0.00133346500000003,5.13547708672639e-13,"2_4",9.86974502605228e-13,"yes","positive"
"c4.3L.1_5",0.0123826233333333,0.000315349999999999,2.5408406033388e-55,"2_4",1.48820663909844e-54,"yes","positive"
"c5.3R.1_5",0.007670675,0.000553248333333336,7.49392898768424e-36,"2_4",2.88047895464113e-35,"yes","positive"
"c13.2L.1_5",0.0139304666666667,0.0021613225,3.34479001393743e-11,"2_4",6.14043539872095e-11,"yes","positive"
"c12.2R.1_5",0.00646834999999999,0.00264182,0.000887373988097071,"2_4",0.00108066337164297,"yes","positive"
"c14.2L.1_5",0.0114407266666667,0.00252171666666667,4.27959273967488e-40,"2_4",1.8151376102759e-39,"yes","positive"
"c6.3R.1_5",0.000218240000000008,0.00114885,0.360825645620164,"2_4",0.372954238750254,"no","neutral"
"c15.2L.1_5",0.0066719,-0.000165856666666631,0.180490352204423,"2_4",0.194739590536351,"no","neutral"
"c7.3R.1_5",0.0161343433333333,0.000877356666666669,1.24090993776301e-21,"2_4",3.6340933891631e-21,"yes","positive"
"c8.3R.1_5",0.01329138,-0.000106734999999986,4.84760326976294e-20,"2_4",1.32501156040187e-19,"yes","positive"
"c16.2L.1_5",0.0144719666666667,0.00309612333333333,1.48127394458859e-92,"2_4",1.30140496560283e-91,"yes","positive"
"c7.X.1_5",-0.0031549666666667,0.00144749999999999,2.02120898835609e-15,"2_4",4.36155623803156e-15,"yes","negative"
"c9.3R.1_5",0.00220684,-0.000140881666666662,6.83903588072212e-05,"2_4",8.67217951885382e-05,"yes","positive"
"c5.3L.1_5",0.00852667666666667,-0.000226833333333287,0.00383316332099714,"2_4",0.00453345277387162,"yes","positive"
"c13.2R.1_5",0.0224344066666667,0.001717,1.47774186532298e-69,"2_4",1.21174832956484e-68,"yes","positive"
"c8.X.1_5",0.00261210499999999,0.000765013333333335,0.0833232892661354,"2_4",0.0915068266047737,"no","neutral"
"c14.2R.1_5",0.004857105,0.000681494333333335,3.43579746354841e-08,"2_4",5.03098914305303e-08,"yes","positive"
"c10.3R.1_5",0.01493373,-6.14366666666644e-05,3.86444145944204e-66,"2_4",2.64070166395206e-65,"yes","positive"
"c6.3L.1_5",0.00586567000000001,-0.000266791666666666,0.000940681820269412,"2_4",0.00113435160679547,"yes","positive"
"c17.2L.1_5",0.0169773833333333,0.00246626666666666,7.36446083217174e-30,"2_4",2.58808194959178e-29,"yes","positive"
"c9.X.1_5",0.000819196666666668,0.00120171333333333,0.187966079319975,"2_4",0.20104198049006,"no","neutral"
"c11.3R.1_5",0.00245075000000001,2.74383333333274e-05,0.459463747834393,"2_4",0.467058189947358,"no","neutral"
"c7.3L.1_5",0.0155535666666667,0.000524100000000027,1.78733136046792e-132,"2_4",2.19841757337554e-131,"yes","positive"
"c18.2L.1_5",0.0197805833333333,0.00295581333333333,1.96520063834768e-234,"2_4",4.83439357033529e-233,"yes","positive"
"c15.2R.1_5",0.0269784,-0.00128303333333332,4.32786485024418e-17,"2_4",9.85791438111174e-17,"yes","positive"
"c12.3R.1_5",0.00415163333333335,0.000115483333333333,9.99786524048085e-08,"2_4",1.44674991126958e-07,"yes","positive"
"c19.2L.1_5",0.00862895333333333,0.00266458833333333,5.58888625222982e-20,"2_4",1.49441958483536e-19,"yes","positive"
"c20.2L.1_5",0.0171464566666667,0.00311220000000001,5.84507573190431e-157,"2_4",1.02706330717747e-155,"yes","positive"
"c16.2R.1_5",0.00748493333333333,0.00147543666666667,6.45651828940773e-14,"2_4",1.26055833269389e-13,"yes","positive"
"c8.3L.1_5",0.0165801666666667,0.00201423333333339,1.15538716091118e-16,"2_4",2.58386583258318e-16,"yes","positive"
"c10.X.1_5",0.000452866666666663,-0.00221225,0.0291881363390254,"2_4",0.03324204416389,"no","neutral"
"c11.X.1_5",0.00654957,0.000337590000000034,3.145613551515e-10,"2_4",5.37375648383812e-10,"yes","positive"
"c9.3L.1_5",0.00949611,0.000533096666666667,0.000392620188528104,"2_4",0.000482922831889568,"yes","positive"
"c17.2R.1_5",0.0179244866666666,0.000916024999999998,4.63531864547127e-20,"2_4",1.29578225771129e-19,"yes","positive"
"c10.3L.1_5",0.0119802333333334,0.000527133333333339,1.14910078848796e-09,"2_4",1.85972890768446e-09,"yes","positive"
"c11.3L.1_5",0.0138686333333334,0.000696546666666666,7.17862690016176e-29,"2_4",2.45269752422193e-28,"yes","positive"
"c18.2R.1_5",0.0144177366666667,-0.00136454,3.46711220841435e-07,"2_4",4.95877676319727e-07,"yes","positive"
"c13.3R.1_5",0.00800916666666673,-0.00197269833333334,1.06755785792866e-06,"2_4",1.45899573916917e-06,"yes","positive"
"c19.2R.1_5",0.0117333500000001,-0.00134993333333333,9.07564725680293e-10,"2_4",1.48840615011568e-09,"yes","positive"
"c21.2L.1_5",0.0145231566666667,0.00166138833333331,1.88728004280135e-67,"2_4",1.36550261920333e-66,"yes","positive"
"c20.2R.1_5",0.0162185333333333,0.00197643333333333,3.51082125039772e-19,"2_4",8.63662027597839e-19,"yes","positive"
"c14.3R.1_5",0.00620230333333333,0.000249833333333324,2.09240964335487e-47,"2_4",9.5320883752833e-47,"yes","positive"
"c12.3L.1_5",0.0104862416666666,-0.00174066833333333,5.10883981986778e-09,"2_4",7.75786787461404e-09,"yes","positive"
"c13.3L.1_5",0.005434605,-0.000299900000000006,7.98727890311517e-07,"2_4",1.10385989335187e-06,"yes","positive"
"c22.2L.1_5",0.0230390666666667,0.00595305666666666,2.34103844356424e-49,"2_4",1.15179091423361e-48,"yes","positive"
"c21.2R.1_5",0.00475807166666664,0.00107089999999998,0.0448156979176038,"2_4",0.0505718426042685,"no","neutral"
"c14.3L.1_5",0.00438843666666667,0.000939509999999998,0.8655935598778,"2_4",0.8655935598778,"no","neutral"
"c23.2L.1_5",0.01267925,0.00383124333333333,4.69721410787722e-48,"2_4",2.22214359718807e-47,"yes","positive"
"c15.3L.1_5",-0.000386039999999976,-0.000134358333333352,0.369783243408524,"2_4",0.379027824493737,"no","neutral"
"c16.3L.1_5",0.0102296533333333,0.000437542666666626,2.49360686724514e-10,"2_4",4.31991048832609e-10,"yes","positive"
"c24.2L.1_5",0.0221113,0.00361384333333334,9.93673787680529e-09,"2_4",1.49051068152079e-08,"yes","positive"
"c17.3L.1_5",0.00532279666666666,-0.000103199999999998,0.000230954398996932,"2_4",0.000286943344208309,"yes","positive"
"c25.2L.1_5",0.0218231283333333,0.00259799416666667,0,"2_4",0,"yes","positive"
"c18.3L.1_5",0.00823426666666666,-0.000538926666666668,2.47092264575519e-10,"2_4",4.31991048832609e-10,"yes","positive"
"c22.2R.1_5",0.0130378333333333,0.00133259999999999,4.42665581496188e-06,"2_4",5.85460930365926e-06,"yes","positive"
"c23.2R.1_5",0.00693713333333335,0.00273840000000003,0.0170215486239872,"2_4",0.0195668269229012,"yes","positive"
"c15.3R.1_5",0.00106690666666667,-0.000549673333333334,0.202192825628141,"2_4",0.214394116829839,"no","neutral"
"c16.3R.1_5",0.00629224,0.000152051666666667,1.37965011460508e-49,"2_4",7.07070683735104e-49,"yes","positive"
"c24.2R.1_5",0.0271562833333334,-0.000374633333333319,1.43942564608776e-15,"2_4",3.16159561551419e-15,"yes","positive"
"c12.X.1_5",0.00404366666666667,0.00199574999999997,0.0472834273541719,"2_4",0.0528714687687559,"no","neutral"
"c26.2L.1_5",0.00919928666666666,0.0011189265,2.41194157343354e-09,"2_4",3.70836016915407e-09,"yes","positive"
"c13.X.1_5",0.000243986666666668,0.0019121666666666,0.0554042100207196,"2_4",0.0613938543472839,"no","neutral"
"c19.3L.1_5",0.01475515,-0.000181018999999997,7.23486800400746e-56,"2_4",4.44944382246459e-55,"yes","positive"
"c17.3R.1_5",0.0155279833333333,0.00127806333333334,8.86615118507481e-15,"2_4",1.84836711146475e-14,"yes","positive"
"c18.3R.1_5",0.00956036666666667,0.000183814999999997,1.94544291822893e-25,"2_4",6.29709155110943e-25,"yes","positive"
"c25.2R.1_5",-0.00371692166666665,0.000293553333333328,0.00819544320640226,"2_4",0.00950980673950451,"yes","negative"
"c26.2R.1_5",0.00257166666666666,0.00131471666666666,0.00331051738219895,"2_4",0.00395333629136379,"yes","positive"
"c27.2L.1_5",0.0174261066666667,0.00133243333333333,3.82133377209387e-19,"2_4",9.21615792093228e-19,"yes","positive"
"c19.3R.1_5",0.0222369833333333,0.00314718333333333,1.21271295586261e-06,"2_4",1.6391614678143e-06,"yes","positive"
"c28.2L.1_5",0.05156385,0.00279534833333333,0,"2_4",0,"yes","positive"
"c20.3L.1_5",0.011033338,0.00171366,2.36754587367437e-12,"2_4",4.41224458275678e-12,"yes","positive"
"c21.3L.1_5",0.0108685166666667,-5.94683333333349e-05,1.30985381382907e-19,"2_4",3.35650039793699e-19,"yes","positive"
"c27.2R.1_5",0.00690456833333333,0.001032325,9.68124415203893e-05,"2_4",0.000121509492928652,"yes","positive"
"c14.X.1_5",0.00911386666666666,0.00035306666666668,3.3057476643415e-05,"2_4",4.23548919493755e-05,"yes","positive"
"c22.3L.1_5",0.0116898033333333,0.00116670166666667,4.50016978579683e-97,"2_4",4.61267403044175e-96,"yes","positive"
"c29.2L.1_5",0.0261947316666667,0.00401685166666666,3.90707373783345e-56,"2_4",2.52931615659744e-55,"yes","positive"
"c15.X.1_5",0.0063658,-5.62333333334331e-06,9.54041401117497e-27,"2_4",3.17154303614735e-26,"yes","positive"
"c20.3R.1_5",0.0159398,8.01833333333446e-05,3.14995124429908e-124,"2_4",3.52221820953443e-123,"yes","positive"
"c30.2L.1_5",0.00552164499999999,0.00303810583333333,0.259130865841417,"2_4",0.270110987275375,"no","neutral"
"c16.X.1_5",0.0169034,0.000723100000000004,3.20056097381661e-44,"2_4",1.40596071349801e-43,"yes","positive"
"c21.3R.1_5",0.0154424833333333,9.39216666666632e-05,6.75880047449355e-138,"2_4",1.03916557295338e-136,"yes","positive"
"c31.2L.1_5",0.000320833333333326,0.00238026666666667,0.241076540811846,"2_4",0.253439440340659,"no","neutral"
"c22.3R.1_5",0.0075063666666666,0.000325193333333335,6.43175962511828e-21,"2_4",1.8397824043943e-20,"yes","positive"
"c23.3R.1_5",0.00560616666666658,0.000129763333333331,2.39619405615853e-22,"2_4",7.18858216847559e-22,"yes","positive"
"c24.3R.1_5",0.0208312386666667,-0.000649068333333307,7.83434985049645e-39,"2_4",3.21208343870354e-38,"yes","positive"
"c25.3R.1_5",0.0177300566666667,0.000550200000000056,0,"2_4",0,"yes","positive"
"c26.3R.1_5",0.0183609966666667,-0.000480100000000094,3.03068934712216e-34,"2_4",1.09639644028243e-33,"yes","positive"
"c27.3R.1_5",0.00632352133333334,0.000579253333333335,2.92228444839671e-14,"2_4",5.89247519922615e-14,"yes","positive"
"c1.2L.1_5",0.000556126666666667,-0.000108146666666666,0.0655906422186966,"4_5",0.0996006048506134,"no","neutral"
"c1.3R.1_5",0.001934,-0.000556823333333335,0.005678256256502,"4_5",0.0114495986811434,"yes","positive"
"c1.X.1_5",-0.0122754666666666,0.000840689999999998,7.09844080780312e-18,"4_5",6.23648728114131e-17,"yes","negative"
"c1.3L.1_5",-0.01508365675,5.75966666667114e-05,0.00566967446881871,"4_5",0.0114495986811434,"yes","negative"
"c1.2R.1_5",0.00482050000000001,0.000449016666666666,8.94683926632895e-21,"4_5",1.00041929978042e-19,"yes","positive"
"c2.3L.1_5",0.00226599333333333,-0.00183266666666668,0.742279323565126,"4_5",0.822525736923518,"no","neutral"
"c2.3R.1_5",0.00601671666666667,0.000695699999999994,9.41736375126724e-27,"4_5",1.44791967675734e-25,"yes","positive"
"c3.3L.1_5",-0.000738316666666669,0.000399733333333208,6.5833914392655e-09,"4_5",3.23902858811863e-08,"yes","negative"
"c2.X.1_5",-0.00460752,0.001206555,0.000176248748627627,"4_5",0.000516157049552336,"yes","negative"
"c2.2L.1_5",0.0117013266666667,0.000261833333333322,0.000209923866833248,"4_5",0.000573791902677545,"yes","positive"
"c3.X.1_5",0.00112973333333334,0.00157118000000001,0.622785339265353,"4_5",0.709283303052208,"no","neutral"
"c3.2L.1_5",0.00255917666666666,-0.000557006666666665,0.24695861686007,"4_5",0.326622686814931,"no","neutral"
"c4.2L.1_5",0.00507442,0.000455473333333338,2.21428085020395e-08,"4_5",1.00872794287069e-07,"yes","positive"
"c5.2L.1_5",0.00454955166666667,0.001195515,1.01083247853845e-15,"4_5",8.28882632401529e-15,"yes","positive"
"c4.X.1_5",0.00305590000000003,0.00119129166666667,0.000372673054263902,"4_5",0.000975293312222552,"yes","positive"
"c2.2R.1_5",0.00185080000000004,0.000648133333333332,0.258419263529168,"4_5",0.338144355469018,"no","neutral"
"c6.2L.1_5",-0.00384076333333333,0.00295728333333333,0.00133536407847372,"4_5",0.00322058395396603,"yes","negative"
"c5.X.1_5",0.00701783166666666,0.00130583333333334,0.00143698256666121,"4_5",0.00339901645575632,"yes","positive"
"c7.2L.1_5",0.0152554266666667,0.00144890333333333,0.000155620093263306,"4_5",0.000478531786784666,"yes","positive"
"c3.2R.1_5",-0.00138085999999997,0.00018178666666667,0.274085931777779,"4_5",0.35486915377544,"no","neutral"
"c3.3R.1_5",0.00247283333333331,0.000223699999999993,1.81546517466771e-14,"4_5",1.17527482360068e-13,"yes","positive"
"c4.2R.1_5",-0.00434520000000005,-3.41500000000315e-06,0.0220142664013734,"4_5",0.0381373910897032,"yes","negative"
"c8.2L.1_5",-0.00193693333333333,0.000669023333333338,0.0871214636551774,"4_5",0.130682195482766,"no","neutral"
"c6.X.1_5",0.00135933,0.000916068333333332,0.296354161321813,"4_5",0.375789297346217,"no","neutral"
"c5.2R.1_5",0.0104108833333333,0.00145573166666667,2.12985788069923e-20,"4_5",2.18310432771671e-19,"yes","positive"
"c6.2R.1_5",0.0159474999999999,0.00439716666666667,0.000185657861702767,"4_5",0.000531067836963729,"yes","positive"
"c7.2R.1_5",0.00714371666666665,0.000846366666666654,0.00244071926765355,"4_5",0.00537547309507138,"yes","positive"
"c8.2R.1_5",0.0204875,0.000473200000000007,2.17778877916492e-23,"4_5",2.67868019837285e-22,"yes","positive"
"c9.2L.1_5",0.00724776666666666,0.00109926666666671,1.3873147727324e-13,"4_5",8.12570081171834e-13,"yes","positive"
"c9.2R.1_5",0.0223796666666667,-0.00060003333333332,2.78908206701707e-27,"4_5",4.90081563204428e-26,"yes","positive"
"c10.2R.1_5",0.01414776,0.00141748666666666,2.2275306770248e-24,"4_5",3.04429192526723e-23,"yes","positive"
"c4.3R.1_5",0.00070183333333329,-2.65566666666633e-05,0.61062146747984,"4_5",0.70192935046748,"no","neutral"
"c10.2L.1_5",0.00366422000000001,-0.000100748999999996,0.00105809286266643,"4_5",0.00260290844215942,"yes","positive"
"c11.2L.1_5",0.0122675666666667,0.000379500000000005,1.28526245322097e-09,"4_5",6.58697007275747e-09,"yes","positive"
"c12.2L.1_5",0.0044072,1.77000000000094e-05,0.0146061131211381,"4_5",0.0264716704716051,"yes","positive"
"c11.2R.1_5",0.00545903333333332,-0.000589466666666677,0.18557570006793,"4_5",0.253620123426171,"no","neutral"
"c4.3L.1_5",0.00311320333333333,-5.80833333333336e-05,4.72015088286013e-05,"4_5",0.000161271821831054,"yes","positive"
"c5.3R.1_5",0.00344627499999999,0.000160313333333335,4.57844829822006e-15,"4_5",3.31264200400628e-14,"yes","positive"
"c13.2L.1_5",0.00175236166666669,-0.000494395666666669,0.933528076728838,"4_5",0.941179946210222,"no","neutral"
"c12.2R.1_5",-0.00181371333333334,-0.00106802999999999,0.101380358298574,"4_5",0.148449810365769,"no","neutral"
"c14.2L.1_5",-0.00192683333333332,0.000858966666666683,2.10007390165185e-06,"4_5",8.33255128719928e-06,"yes","negative"
"c6.3R.1_5",0.00492798333333334,0.000954830499999998,0.808896070162146,"4_5",0.850377919914051,"no","neutral"
"c15.2L.1_5",0.00741385166666664,0.00296246666666669,0.310891845416319,"4_5",0.389149041564961,"no","neutral"
"c7.3R.1_5",0.00389986666666667,0.000714736666666667,0.000776906737405143,"4_5",0.0019501944632823,"yes","positive"
"c8.3R.1_5",0.00270434833333333,-0.000100964999999996,0.00294324321302848,"4_5",0.00635120903864041,"yes","positive"
"c16.2L.1_5",0.00293730333333333,6.35400000000078e-05,1.63479115362856e-06,"4_5",6.7026437298771e-06,"yes","positive"
"c7.X.1_5",0.000135219999999998,0.000877500000000003,0.725247918597459,"4_5",0.817193242037569,"no","neutral"
"c9.3R.1_5",0.00707241666666666,0.001054535,0.000193449877924692,"4_5",0.000540780340562207,"yes","positive"
"c5.3L.1_5",0.002976552,-0.000173366666666668,0.829151263637024,"4_5",0.864284791757237,"no","neutral"
"c13.2R.1_5",0.00101619999999997,0.00161633333333344,0.48216761125543,"4_5",0.581437413572724,"no","neutral"
"c8.X.1_5",0.000651086666666665,-0.000995860000000006,0.760218198976429,"4_5",0.830989354103045,"no","neutral"
"c14.2R.1_5",0.00869088166666667,0.00112426166666667,0.000400896576738999,"4_5",0.00102729747789368,"yes","positive"
"c10.3R.1_5",0.011614848,0.000552339999999998,1.68168612017479e-14,"4_5",1.14915218211944e-13,"yes","positive"
"c6.3L.1_5",-0.000920948,0.00167896833333333,0.583725242391443,"4_5",0.677341554850448,"no","neutral"
"c17.2L.1_5",0.00209815,0.000253956666666666,0.766612899365412,"4_5",0.830989354103045,"no","neutral"
"c9.X.1_5",0.00577518566666667,3.55400000000006e-05,0.78571482618986,"4_5",0.837747751071159,"no","neutral"
"c11.3R.1_5",0.0121881466666667,3.22416666666548e-05,1.5174975306323e-11,"4_5",8.11531288120752e-11,"yes","positive"
"c7.3L.1_5",-0.000661549999999997,4.16766666666672e-05,0.00707083509846982,"4_5",0.014027624469545,"yes","negative"
"c18.2L.1_5",0.00377673333333328,0.000766393333333323,2.3831701975035e-18,"4_5",2.25484564840716e-17,"yes","positive"
"c15.2R.1_5",0.011879,0.00092346666666665,1.11699832757436e-05,"4_5",3.94294332382535e-05,"yes","positive"
"c12.3R.1_5",-0.00411737333333333,0.00274319999999995,0.0397754148634971,"4_5",0.0661131895704073,"no","neutral"
"c19.2L.1_5",0.0166445866666667,-0.00051000000000001,3.43656882158756e-51,"4_5",2.11348982527635e-49,"yes","positive"
"c20.2L.1_5",0.00328970000000001,0.000373830000000006,4.51750006530697e-15,"4_5",3.31264200400628e-14,"yes","positive"
"c16.2R.1_5",0.00278773666666667,0.000378600000000007,0.0227491334020757,"4_5",0.0383307316226755,"yes","positive"
"c8.3L.1_5",-0.00486659999999994,-0.00120472333333333,0.00244736986442274,"4_5",0.00537547309507138,"yes","negative"
"c10.X.1_5",0.01295232,0.00313616666666672,5.61884409268e-06,"4_5",2.09429643454436e-05,"yes","positive"
"c11.X.1_5",1.6000000000009e-06,0.000633676666666668,0.790071049790687,"4_5",0.837747751071159,"no","neutral"
"c9.3L.1_5",-0.00297293333333326,-0.000200849999999995,0.0146347446509687,"4_5",0.0264716704716051,"yes","negative"
"c17.2R.1_5",0.00495103333333336,0.00216047333333335,0.770185255022334,"4_5",0.830989354103045,"no","neutral"
"c10.3L.1_5",-0.00317926666666668,0.000906566666666664,0.168368033561407,"4_5",0.238037564690265,"no","neutral"
"c11.3L.1_5",-0.000586566666666663,0.000379666666666667,0.313217521259603,"4_5",0.389149041564961,"no","neutral"
"c18.2R.1_5",-0.00723836666666667,0.00286434333333334,0.0599447787668608,"4_5",0.0921650973540485,"no","neutral"
"c13.3R.1_5",-0.0138887783333333,0.00165135500000001,0.0413660156862394,"4_5",0.0678402657254326,"no","neutral"
"c19.2R.1_5",-0.000533623333333326,0.000794714999999991,0.856918033276794,"4_5",0.878340984108714,"no","neutral"
"c21.2L.1_5",0.00880061166666667,-0.000119463333333344,6.50880968846167e-32,"4_5",1.60116718336157e-30,"yes","positive"
"c20.2R.1_5",-0.000447313333333315,0.000225028333333325,0.575558218498176,"4_5",0.674225341669292,"no","neutral"
"c14.3R.1_5",0.00149670000000002,-0.000165403333333335,7.66303694643523e-05,"4_5",0.000248040406424088,"yes","positive"
"c12.3L.1_5",-0.00315008266666666,-0.000268573333333327,0.00214433166771283,"4_5",0.00497646783261657,"yes","negative"
"c13.3L.1_5",-0.00350143933333333,-0.000389680000000017,0.196647863871095,"4_5",0.262909644088529,"no","neutral"
"c22.2L.1_5",9.91233333333258e-05,0.000276733333333334,0.00776098759506309,"4_5",0.015152404352266,"no","neutral"
"c21.2R.1_5",0.01777599,0.000410450000000007,9.58437092620074e-36,"4_5",2.94719405980673e-34,"yes","positive"
"c14.3L.1_5",0.00461216666666664,0.000845466666666683,0.0912733290210817,"4_5",0.135260475537266,"no","neutral"
"c23.2L.1_5",-5.67533333333398e-05,0.000580666666666688,0.145126578696705,"4_5",0.208476719108036,"no","neutral"
"c15.3L.1_5",0.00929563166666665,-0.00260761166666666,1.2853352200395e-06,"4_5",5.45159420913305e-06,"yes","positive"
"c16.3L.1_5",0.00321695166666668,-0.000901841666666669,0.38314350530318,"4_5",0.471266511522911,"no","neutral"
"c24.2L.1_5",0.00316143,-0.00237506666666665,0.0544183398841669,"4_5",0.0869279974773056,"no","neutral"
"c17.3L.1_5",-0.000629653333333341,-0.00128408,0.288118663216242,"4_5",0.36915203724581,"no","neutral"
"c25.2L.1_5",0.000330349999999966,0.000595013333333325,0.00822684301383702,"4_5",0.015810963917218,"no","neutral"
"c18.3L.1_5",0.00417750000000006,-0.000106166666666685,0.000103893454333176,"4_5",0.000327663971358478,"yes","positive"
"c22.2R.1_5",0.00903261666666666,-0.00102076333333333,0.0164645061391739,"4_5",0.02934977181331,"yes","positive"
"c23.2R.1_5",0.0158525,0.000833633333333361,2.76269285371052e-12,"4_5",1.54459645911997e-11,"yes","positive"
"c15.3R.1_5",0.0196758666666667,0.000466500000000036,1.57035063459462e-08,"4_5",7.42896646365916e-08,"yes","positive"
"c16.3R.1_5",0.000553416666666667,0.000534662500000001,0.000275888120229919,"4_5",0.000737700843223479,"yes","positive"
"c24.2R.1_5",0.00316894333333333,0.000287931666666664,0.145764210108058,"4_5",0.208476719108036,"no","neutral"
"c12.X.1_5",-0.00325570833333333,0.00077541166666667,0.0451394598125044,"4_5",0.0730546520649742,"no","neutral"
"c26.2L.1_5",-0.000779573333333339,0.00173229999999999,0.179771521626648,"4_5",0.248448282697502,"no","neutral"
"c13.X.1_5",-0.00314539,9.33566666666552e-05,0.730823224586444,"4_5",0.817193242037569,"no","neutral"
"c19.3L.1_5",0.002682658,-0.000164009999999999,0.0226810020680615,"4_5",0.0383307316226755,"yes","positive"
"c17.3R.1_5",0.00696423333333329,0.00343417,0.00016580981986703,"4_5",0.00049742945960109,"yes","positive"
"c18.3R.1_5",0.00105283666666666,-1.9033333333307e-05,0.0573947939461974,"4_5",0.0897209507083412,"no","neutral"
"c25.2R.1_5",0.008857985,0.00126155666666667,0.00513307649372404,"4_5",0.0108856622194493,"yes","positive"
"c26.2R.1_5",0.00689907999999997,0.000121026666666651,3.18416012136218e-88,"4_5",3.91651694927548e-86,"yes","positive"
"c27.2L.1_5",0.0114467,-0.000344140000000007,1.62258445492178e-30,"4_5",3.32629813258965e-29,"yes","positive"
"c19.3R.1_5",-0.00315361666666669,0.00393141666666666,0.0193340740649707,"4_5",0.0339727301427342,"no","neutral"
"c28.2L.1_5",-0.001005815,0.000598201666666664,0.00242124159645268,"4_5",0.00537547309507138,"yes","negative"
"c20.3L.1_5",0.00034666333333333,-0.00115169999999998,0.193026841954048,"4_5",0.260904412751076,"no","neutral"
"c21.3L.1_5",-0.00270117,-0.00131104999999997,0.00522639844048072,"4_5",0.0108957120030361,"yes","negative"
"c27.2R.1_5",0.000582283333333378,9.06333333333675e-05,0.0112638958110257,"4_5",0.0209918058296388,"yes","positive"
"c14.X.1_5",-0.00130683333333331,0.000712349999999973,0.455973115784705,"4_5",0.555293992490284,"no","neutral"
"c22.3L.1_5",0.00153178833333333,0.000862431666666677,0.542103169517608,"4_5",0.641141248564094,"no","neutral"
"c29.2L.1_5",-0.00900697833333335,0.00116544999999998,1.12197574255193e-05,"4_5",3.94294332382535e-05,"yes","negative"
"c15.X.1_5",0.00135399,0.00162800666666667,0.057625651267959,"4_5",0.0897209507083412,"no","neutral"
"c20.3R.1_5",-0.00227387666666667,-0.000411076666666677,0.490503438117617,"4_5",0.585746824159873,"no","neutral"
"c30.2L.1_5",0.00168587166666664,-0.000422073333333336,0.944191778914535,"4_5",0.944191778914535,"no","neutral"
"c16.X.1_5",-0.00308181666666668,0.00146397833333335,3.58776438548335e-06,"4_5",1.37904693567016e-05,"yes","negative"
"c21.3R.1_5",0.00320993500000001,0.000978253333333333,6.78386618483046e-05,"4_5",0.000225517713711932,"yes","positive"
"c31.2L.1_5",-0.00319946666666668,0.000312692666666666,0.0110448225123963,"4_5",0.0209002026003807,"yes","negative"
"c22.3R.1_5",-0.00278389999999995,0.000178833333333336,0.894320524434385,"4_5",0.909102681863053,"no","neutral"
"c23.3R.1_5",0.00896937666666666,7.86833333333362e-05,0.175459771182955,"4_5",0.245244907448903,"no","neutral"
"c24.3R.1_5",-0.00667755966666667,-0.00031888,8.10598907979659e-08,"4_5",3.56084520291065e-07,"yes","negative"
"c25.3R.1_5",-0.00596858566666667,0.000564500000000023,4.16929441572612e-43,"4_5",1.70941071044771e-41,"yes","negative"
"c26.3R.1_5",-0.000615735333333332,0.00100758666666666,0.851251803825039,"4_5",0.878340984108714,"no","neutral"
"c27.3R.1_5",0.0101712966666667,0.000908106666666668,1.91900699133878e-14,"4_5",1.18018929967335e-13,"yes","positive"
"c1.2L.1_5",0.0176684,0.00377193999999999,2.1548150397316e-08,"2_5",2.73239432873182e-08,"yes","positive"
"c1.3R.1_5",0.01269698,-0.000582780000000001,6.95395297727121e-22,"2_5",1.17169344685529e-21,"yes","positive"
"c1.X.1_5",0.0190952,0.00264442,1.91389516889433e-93,"2_5",9.80871274058344e-93,"yes","positive"
"c1.3L.1_5",0.0194888868,-0.000783690000000001,1.02504494529415e-99,"2_5",5.48176209874698e-99,"yes","positive"
"c1.2R.1_5",0.02185182,0.00207949999999999,5.7641075125066e-270,"2_5",8.8623153004789e-269,"yes","positive"
"c2.3L.1_5",0.0139866,0.00021927,0.00496181620041548,"2_5",0.00504382969133144,"yes","positive"
"c2.3R.1_5",0.0246763,0.00102284,7.15221836149221e-265,"2_5",9.77469842737269e-264,"yes","positive"
"c3.3L.1_5",0.00594448,0.000918519999999999,3.31903069343479e-76,"2_5",1.23709325846206e-75,"yes","positive"
"c2.X.1_5",0.00396146,0.00239834,0.0223591063781372,"2_5",0.0225423777418924,"yes","positive"
"c2.2L.1_5",0.0148328,0.00485496000000001,5.02545638818851e-08,"2_5",6.18131135747187e-08,"yes","positive"
"c3.X.1_5",0.00916325999999999,0.0014318,1.62853202261596e-13,"2_5",2.32917952071818e-13,"yes","positive"
"c3.2L.1_5",0.02312194,0.00328300000000001,7.74406279499449e-29,"2_5",1.58753287297387e-28,"yes","positive"
"c4.2L.1_5",0.01758798,0.00438094,3.22277939149951e-41,"2_5",7.9280373030888e-41,"yes","positive"
"c5.2L.1_5",0.024728,0.00439434000000001,2.09782669815052e-114,"2_5",1.22872706605959e-113,"yes","positive"
"c4.X.1_5",0.013351,0.00358087000000001,1.06259522606943e-27,"2_5",2.14261004600885e-27,"yes","positive"
"c2.2R.1_5",0.03291322,0.001616862,4.52643897784829e-219,"2_5",5.06138176613945e-218,"yes","positive"
"c6.2L.1_5",0.01319424,0.00694160000000001,0.000463621306375725,"2_5",0.000487396757984737,"yes","positive"
"c5.X.1_5",0.026941,0.00262484,9.76393466742961e-49,"2_5",2.61079122629096e-48,"yes","positive"
"c7.2L.1_5",0.04413076,0.00357292000000001,1.94925601063228e-35,"2_5",4.35924526014128e-35,"yes","positive"
"c3.2R.1_5",0.00890342000000001,0.00198126000000001,2.33587713359083e-08,"2_5",2.93176415746604e-08,"yes","positive"
"c3.3R.1_5",0.01378524,0.00019214,1.51560386388753e-131,"2_5",9.81154080306138e-131,"yes","positive"
"c4.2R.1_5",0.0040034,0.000512932000000005,4.2071323853447e-06,"2_5",4.8818611641264e-06,"yes","positive"
"c8.2L.1_5",0.00993088,0.00325862,1.2646204461613e-27,"2_5",2.50884378835226e-27,"yes","positive"
"c6.X.1_5",0.0116649,7.03899999999947e-05,6.16108113514885e-15,"2_5",9.13027686293143e-15,"yes","positive"
"c5.2R.1_5",0.0316611,0.0022482,1.4979735142083e-69,"2_5",5.4191394778712e-69,"yes","positive"
"c6.2R.1_5",0.027872,0.00367760000000003,1.04777738095982e-05,"2_5",1.18235429227576e-05,"yes","positive"
"c7.2R.1_5",0.0276712,0.000569820000000001,6.19269557579689e-22,"2_5",1.05791882753197e-21,"yes","positive"
"c8.2R.1_5",0.0365246,0.002079866,1.00740811904664e-56,"2_5",3.02222435713992e-56,"yes","positive"
"c9.2L.1_5",0.01908943,0.00314236000000001,3.89778107358969e-32,"2_5",8.26598400088848e-32,"yes","positive"
"c9.2R.1_5",0.0359707,0.00147747000000002,5.98136532145867e-55,"2_5",1.71094868497539e-54,"yes","positive"
"c10.2R.1_5",0.0330007999999999,0.00179918,1.42097605748367e-122,"2_5",8.73900275352457e-122,"yes","positive"
"c4.3R.1_5",0.00873937999999998,0.002045171,1.85710550838658e-06,"2_5",2.21770851972378e-06,"yes","positive"
"c10.2L.1_5",0.03247653,0.00311499,4.90504950439265e-19,"2_5",7.63697581063666e-19,"yes","positive"
"c11.2L.1_5",0.02694768,0.0019854,1.44039532087107e-24,"2_5",2.56766122416147e-24,"yes","positive"
"c12.2L.1_5",0.0282496000000001,0.00433700000000001,4.25296049031523e-52,"2_5",1.18889577342903e-51,"yes","positive"
"c11.2R.1_5",0.02386803,0.00298532000000001,1.73887302150335e-42,"2_5",4.36492615601861e-42,"yes","positive"
"c4.3L.1_5",0.0160478,0.000284800000000002,2.5428634563357e-78,"2_5",1.00894259719126e-77,"yes","positive"
"c5.3R.1_5",0.01448702,0.00101617,1.81589618409135e-78,"2_5",7.44517435477453e-78,"yes","positive"
"c13.2L.1_5",0.01409706,0.00236900000000007,5.59675133278069e-10,"2_5",7.4021549885164e-10,"yes","positive"
"c12.2R.1_5",0.01904384,0.00182791,5.1884997116721e-44,"2_5",1.32955305111598e-43,"yes","positive"
"c14.2L.1_5",0.01062472,0.00394505,2.410523868816e-27,"2_5",4.63272556038075e-27,"yes","positive"
"c6.3R.1_5",0.01056112,0.00284191,1.4562928248265e-14,"2_5",2.10734138180776e-14,"yes","positive"
"c15.2L.1_5",0.02406666,0.0039399,5.24290606830065e-06,"2_5",5.97108746667574e-06,"yes","positive"
"c7.3R.1_5",0.02581346,0.001721,5.0151170559118e-41,"2_5",1.20952823113167e-40,"yes","positive"
"c8.3R.1_5",0.02150157,0.00105461999999999,4.68500425145279e-35,"2_5",1.02902771951552e-34,"yes","positive"
"c16.2L.1_5",0.0213541,0.00328920000000001,2.63642071695242e-190,"2_5",2.49445960142421e-189,"yes","positive"
"c7.X.1_5",-0.00613039999999998,0.00241060000000004,2.22975281255221e-22,"2_5",3.86281121047777e-22,"yes","negative"
"c9.3R.1_5",0.01094536,0.00165176,3.49222003091608e-21,"2_5",5.72724085070237e-21,"yes","positive"
"c5.3L.1_5",-0.00129408,0.00159914,0.599678557461096,"2_5",0.599678557461096,"no","neutral"
"c13.2R.1_5",0.0308308,0.00326000000000004,5.86024763202616e-66,"2_5",1.94813637497086e-65,"yes","positive"
"c8.X.1_5",0.00642224999999997,0.00180479,1.50311049162143e-05,"2_5",1.66560892314807e-05,"yes","positive"
"c14.2R.1_5",0.02136351,0.00168020000000001,1.00106988756382e-80,"2_5",4.24591710932241e-80,"yes","positive"
"c10.3R.1_5",0.029052,0.000997919999999999,3.898539697865e-156,"2_5",2.99700239273372e-155,"yes","positive"
"c6.3L.1_5",0.01029288,0.00327517,4.13752397729412e-06,"2_5",4.84681380197311e-06,"yes","positive"
"c17.2L.1_5",0.019408,0.00344324,1.46121255487682e-25,"2_5",2.72316885227044e-25,"yes","positive"
"c9.X.1_5",0.004712242,0.00124376,0.00107542926082502,"2_5",0.00112099829730066,"yes","positive"
"c11.3R.1_5",0.01614966,0.0019484,5.66693747442898e-11,"2_5",7.74481454838627e-11,"yes","positive"
"c7.3L.1_5",0.0180354,-5.07800000000003e-05,9.8614544669453e-241,"2_5",1.21295889943427e-239,"yes","positive"
"c18.2L.1_5",0.02452242,0.0039284,0,"2_5",0,"yes","positive"
"c15.2R.1_5",0.0424074,0.000877199999999995,6.35018987145852e-33,"2_5",1.37030413015684e-32,"yes","positive"
"c12.3R.1_5",0.00514984,-0.000576000000000021,0.000295739558657951,"2_5",0.000313585911335586,"yes","positive"
"c19.2L.1_5",0.02613768,0.00368586000000001,8.06532384728006e-91,"2_5",3.81551858929018e-90,"yes","positive"
"c20.2L.1_5",0.0213186,0.00392059999999994,7.5263221393018e-285,"2_5",1.85147524626824e-283,"yes","positive"
"c16.2R.1_5",0.0139676,0.00260339999999992,4.92231521946702e-38,"2_5",1.16431686922008e-37,"yes","positive"
"c8.3L.1_5",0.01382674,0.00366740000000002,5.57727310924659e-09,"2_5",7.22110097302453e-09,"yes","positive"
"c10.X.1_5",0.00811420000000007,-0.00269748,5.59284847822681e-07,"2_5",6.74431728256762e-07,"yes","positive"
"c11.X.1_5",0.0128062,0.000719009999999996,1.85978949226198e-09,"2_5",2.4335543356194e-09,"yes","positive"
"c9.3L.1_5",0.00326739999999992,0.00117063999999999,0.00211832385367399,"2_5",0.0021895280168227,"yes","positive"
"c17.2R.1_5",0.01845399,0.00303110999999995,6.4252156939152e-13,"2_5",9.08392563622494e-13,"yes","positive"
"c10.3L.1_5",0.0192844000000001,0.0015785,1.43671364197695e-22,"2_5",2.5245111137595e-22,"yes","positive"
"c11.3L.1_5",0.01455978,0.00117186,5.88549650978362e-51,"2_5",1.60870237934086e-50,"yes","positive"
"c18.2R.1_5",0.02025466,0.00161928,2.46836652031525e-10,"2_5",3.33636353844809e-10,"yes","positive"
"c13.3R.1_5",0.02220475,-0.00315804,1.77353318202844e-12,"2_5",2.47891569760793e-12,"yes","positive"
"c19.2R.1_5",0.0116296,0.00377742000000001,0.000113851743447908,"2_5",0.000122840038983269,"yes","positive"
"c21.2L.1_5",0.02465105,0.00272236,2.4586648729189e-160,"2_5",2.0161051957935e-159,"yes","positive"
"c20.2R.1_5",0.0106713,0.00375666,6.79627109296208e-09,"2_5",8.70772233785766e-09,"yes","positive"
"c14.3R.1_5",0.00870176,0.000662140000000006,7.38016572633178e-67,"2_5",2.52155662316336e-66,"yes","positive"
"c12.3L.1_5",0.01315853,-0.00139470000000003,2.80473066809124e-10,"2_5",3.74980295842633e-10,"yes","positive"
"c13.3L.1_5",0.01058344,0.00101787600000001,3.28521755802242e-16,"2_5",4.92782633703363e-16,"yes","positive"
"c22.2L.1_5",0.02229966,0.00657342,1.7402398362234e-48,"2_5",4.55424467777613e-48,"yes","positive"
"c21.2R.1_5",0.02590274,0.000864840000000005,9.06599391291624e-82,"2_5",3.98256161174535e-81,"yes","positive"
"c14.3L.1_5",0.01015138,0.00135116,3.94098444516974e-05,"2_5",4.3280454174632e-05,"yes","positive"
"c23.2L.1_5",0.0161911,0.00502367,2.53756096656311e-77,"2_5",9.75374996522696e-77,"yes","positive"
"c15.3L.1_5",0.00928934,-0.00359633999999999,2.93940775390011e-08,"2_5",3.65199145181529e-08,"yes","positive"
"c16.3L.1_5",0.01575665,0.000226399999999993,1.81696766031908e-27,"2_5",3.54741305109916e-27,"yes","positive"
"c24.2L.1_5",0.02840776,0.003097486,1.54918088555658e-18,"2_5",2.35245986325258e-18,"yes","positive"
"c17.3L.1_5",0.0102498,0.000782199999999983,1.38184667529747e-07,"2_5",1.68284298080781e-07,"yes","positive"
"c25.2L.1_5",0.0214158,0.00334378999999996,0,"2_5",0,"yes","positive"
"c18.3L.1_5",0.0219654,-0.000114260000000005,4.25719243704315e-68,"2_5",1.49609905644659e-67,"yes","positive"
"c22.2R.1_5",0.0221045,-0.000598689999999978,4.28346331733946e-19,"2_5",6.75469215426607e-19,"yes","positive"
"c23.2R.1_5",0.0319706,0.00248619999999999,3.38754135570809e-55,"2_5",9.92065682743083e-55,"yes","positive"
"c15.3R.1_5",0.0226864,0.00153460000000005,1.288979189755e-05,"2_5",1.44131309399877e-05,"yes","positive"
"c16.3R.1_5",0.01006667,0.00089011999999998,4.40450396696536e-57,"2_5",1.35438496984185e-56,"yes","positive"
"c24.2R.1_5",0.0344302,-0.00259528999999999,1.52983089857568e-18,"2_5",2.35211500656011e-18,"yes","positive"
"c12.X.1_5",0.0102521,0.00187616,4.6014795947683e-05,"2_5",5.00869017837611e-05,"yes","positive"
"c26.2L.1_5",0.02025952,0.00377143,1.00001185729827e-64,"2_5",3.23688048546545e-64,"yes","positive"
"c13.X.1_5",0.00440364,0.00188199999999999,3.40166927607217e-06,"2_5",4.02312808612382e-06,"yes","positive"
"c19.3L.1_5",0.019752333,0.00065474,6.00258108710217e-93,"2_5",2.95326989485427e-92,"yes","positive"
"c17.3R.1_5",0.02994607,0.00425558,2.45828709201914e-27,"2_5",4.65183557412853e-27,"yes","positive"
"c18.3R.1_5",0.01751564,0.000664300000000007,3.93648576536833e-36,"2_5",8.96643979889453e-36,"yes","positive"
"c25.2R.1_5",0.0162169,0.00137945999999999,1.28478504915753e-14,"2_5",1.88129239340924e-14,"yes","positive"
"c26.2R.1_5",0.01479575,0.001568621,2.96302816802878e-277,"2_5",6.074207744459e-276,"yes","positive"
"c27.2L.1_5",0.03252256,0.00265860000000001,1.11711571784558e-64,"2_5",3.52321111012837e-64,"yes","positive"
"c19.3R.1_5",0.0219751,0.00448765000000001,4.65653937232139e-06,"2_5",5.35284432519188e-06,"yes","positive"
"c28.2L.1_5",0.0539039,0.00307720000000003,0,"2_5",0,"yes","positive"
"c20.3L.1_5",0.0146976,0.000959159999999997,2.17389819471951e-11,"2_5",3.00437615674719e-11,"yes","positive"
"c21.3L.1_5",0.0120695,-0.00159880000000002,1.19393364495638e-24,"2_5",2.15961526955345e-24,"yes","positive"
"c27.2R.1_5",0.01010875,0.00119814,1.32610072112727e-19,"2_5",2.11831673634616e-19,"yes","positive"
"c14.X.1_5",0.0103699,0.0014562,0.000149558109411681,"2_5",0.000159962151805537,"yes","positive"
"c22.3L.1_5",0.01809876,0.00125855999999999,5.44091227823135e-173,"2_5",4.78023007301754e-172,"yes","positive"
"c29.2L.1_5",0.04178137,0.00643967999999999,5.47880561309564e-84,"2_5",2.49590033485468e-83,"yes","positive"
"c15.X.1_5",0.0120031,0.00152428,9.35286434406133e-37,"2_5",2.1705704043765e-36,"yes","positive"
"c20.3R.1_5",0.023228,0.000607099999999943,4.28784640899133e-216,"2_5",4.39504256921611e-215,"yes","positive"
"c30.2L.1_5",0.00901940000000001,0.005036176,0.00246233916071758,"2_5",0.00252389763973552,"yes","positive"
"c16.X.1_5",0.01252871,0.0024084,3.34064287279461e-21,"2_5",5.55269018045591e-21,"yes","positive"
"c21.3R.1_5",0.0280984,0.00119225,0,"2_5",0,"yes","positive"
"c31.2L.1_5",0.0124028,0.004066554,1.11367801841852e-30,"2_5",2.32173552992336e-30,"yes","positive"
"c22.3R.1_5",0.02294622,0.000953800000000005,2.26135631850171e-135,"2_5",1.54526015097617e-134,"yes","positive"
"c23.3R.1_5",0.020608946,0.0011736,7.12217963231358e-114,"2_5",3.98194588533896e-113,"yes","positive"
"c24.3R.1_5",0.00956162,-0.000241253,3.92630461299017e-20,"2_5",6.35441404470778e-20,"yes","positive"
"c25.3R.1_5",0.01991118,0.00124294,1.2860875030217e-273,"2_5",2.25983946959527e-272,"yes","positive"
"c26.3R.1_5",0.01979248,0.000696519999999999,3.21405439883055e-25,"2_5",5.90042822471877e-25,"yes","positive"
"c27.3R.1_5",0.03062217,0.000666049999999998,2.86230445661901e-144,"2_5",2.07096145978905e-143,"yes","positive"
