Date,Cage_treatment,Cage_number,Pic_1_count,Pic_2_count,Pic_3_count,Pic_4_count,Picture_total,pic avg,est_avg,est_tot,est_1,est_2,est_3,est_4,est_total 
7/21/2020,LB,LB1,64,64,64,64,256,64,2560,2560,2560,2560,2560,2560,10240
7/21/2020,AT,AT2,64,64,64,64,64,64,2560,2560,2560,2560,2560,2560,10240
7/21/2020,LB,LB3,64,64,64,64,256,64,2560,2560,2560,2560,2560,2560,10240
7/21/2020,AT,AT4,64,64,64,64,256,64,2560,2560,2560,2560,2560,2560,10240
7/21/2020,LB,LB5,64,64,64,64,256,64,2560,2560,2560,2560,2560,2560,10240
7/21/2020,AT,AT6,64,64,64,64,256,64,2560,2560,2560,2560,2560,2560,10240
7/21/2020,LB,LB7,64,64,64,64,256,64,2560,2560,2560,2560,2560,2560,10240
7/21/2020,AT,AT8,64,64,64,64,256,64,2560,2560,2560,2560,2560,2560,10240
7/21/2020,LB,LB9,64,64,64,64,256,64,2560,2560,2560,2560,2560,2560,10240
7/21/2020,AT,AT10,64,64,64,64,256,64,2560,2560,2560,2560,2560,2560,10240
7/21/2020,LB,LB11,64,64,64,64,256,64,2560,2560,2560,2560,2560,2560,10240
7/21/2020,AT,AT12,64,64,64,64,256,64,2560,2560,2560,2560,2560,2560,10240
7/21/2020,Apple,A1,64,64,64,64,256,64,2560,2560,2560,2560,2560,2560,10240
7/21/2020,Apple,A2,64,64,64,64,256,64,2560,2560,2560,2560,2560,2560,10240
7/21/2020,Apple,A3,64,64,64,64,256,64,2560,2560,2560,2560,2560,2560,10240
7/21/2020,Apple,A4,64,64,64,64,256,64,2560,2560,2560,2560,2560,2560,10240
7/21/2020,Apple,A5,64,64,64,64,256,64,2560,2560,2560,2560,2560,2560,10240
7/21/2020,Apple,A6,64,64,64,64,256,64,2560,2560,2560,2560,2560,2560,10240
7/21/2020,Bloom,B1,64,64,64,64,256,64,2560,2560,2560,2560,2560,2560,10240
7/21/2020,Bloom,B2,64,64,64,64,256,64,2560,2560,2560,2560,2560,2560,10240
7/21/2020,Bloom,B3,64,64,64,64,256,64,2560,2560,2560,2560,2560,2560,10240
7/21/2020,Bloom,B4,64,64,64,64,256,64,2560,2560,2560,2560,2560,2560,10240
7/21/2020,Bloom,B5,64,64,64,64,256,64,2560,2560,2560,2560,2560,2560,10240
7/21/2020,Bloom,B6,64,64,64,64,256,64,2560,2560,2560,2560,2560,2560,10240
8/14/2020,LB,LB1,189,95,83,56,423,105.75,4230,16920,7560,3800,3320,2240,16920
8/14/2020,AT,AT2,261,34,46,73,414,103.5,4140,16560,10440,1360,1840,2920,16560
8/14/2020,LB,LB3,162,29,13,14,218,54.5,2180,8720,6480,1160,520,560,8720
8/14/2020,AT,AT4,101,144,254,43,542,135.5,5420,21680,4040,5760,10160,1720,21680
8/14/2020,LB,LB5,161,23,46,844,1074,268.5,10740,42960,6440,920,1840,33760,42960
8/14/2020,AT,AT6,92,109,26,315,542,135.5,5420,21680,3680,4360,1040,12600,21680
8/14/2020,LB,LB7,108,510,227,51,896,224,8960,35840,4320,20400,9080,2040,35840
8/14/2020,AT,AT8,185,95,24,202,506,126.5,5060,20240,7400,3800,960,8080,20240
8/14/2020,LB,LB9,235,215,172,72,694,173.5,6940,27760,9400,8600,6880,2880,27760
8/14/2020,AT,AT10,271,139,53,168,631,157.75,6310,25240,10840,5560,2120,6720,25240
8/14/2020,LB,LB11,481,445,114,126,1166,291.5,11660,46640,19240,17800,4560,5040,46640
8/14/2020,AT,AT12,228,415,51,262,956,239,9560,38240,9120,16600,2040,10480,38240
8/14/2020,Apple,A1,446,387,79,46,958,239.5,9580,38320,17840,15480,3160,1840,38320
8/14/2020,Apple,A2,261,62,35,1097,1455,363.75,14550,58200,10440,2480,1400,43880,58200
8/14/2020,Apple,A3,48,1039,239,218,1544,386,15440,61760,1920,41560,9560,8720,61760
8/14/2020,Apple,A4,14,130,1301,674,2119,529.75,21190,84760,560,5200,52040,26960,84760
8/14/2020,Apple,A5,12,37,45,308,402,100.5,4020,16080,480,1480,1800,12320,16080
8/14/2020,Apple,A6,414,96,65,205,780,195,7800,31200,16560,3840,2600,8200,31200
8/14/2020,Bloom,B1,280,32,224,112,648,162,6480,25920,11200,1280,8960,4480,25920
8/14/2020,Bloom,B2,288,33,30,144,495,123.75,4950,19800,11520,1320,1200,5760,19800
8/14/2020,Bloom,B3,17,34,41,86,178,44.5,1780,7120,680,1360,1640,3440,7120
8/14/2020,Bloom,B4,568,86,13,62,729,182.25,7290,29160,22720,3440,520,2480,29160
8/14/2020,Bloom,B5,103,37,29,530,699,174.75,6990,27960,4120,1480,1160,21200,27960
8/14/2020,Bloom,B6,221,182,49,1401,1853,463.25,18530,74120,8840,7280,1960,56040,74120
8/31/2020,LB,LB1,880,481,172,621,2154,538.5,21540,86160,35200,19240,6880,24840,86160
8/31/2020,AT,AT2,571,512,520,1445,3048,762,30480,121920,22840,20480,20800,57800,121920
8/31/2020,LB,LB3,632,501,348,1224,2705,676.25,27050,108200,25280,20040,13920,48960,108200
8/31/2020,AT,AT4,241,303,574,1211,2329,582.25,23290,93160,9640,12120,22960,48440,93160
8/31/2020,LB,LB5,181,394,368,1567,2510,627.5,25100,100400,7240,15760,14720,62680,100400
8/31/2020,AT,AT6,479,154,513,554,1700,425,17000,68000,19160,6160,20520,22160,68000
8/31/2020,LB,LB7,1813,756,233,496,3298,824.5,32980,131920,72520,30240,9320,19840,131920
8/31/2020,AT,AT8,416,278,898,614,2206,551.5,22060,88240,16640,11120,35920,24560,88240
8/31/2020,LB,LB9,339,725,560,315,1939,484.75,19390,77560,13560,29000,22400,12600,77560
8/31/2020,AT,AT10,775,434,570,585,2364,591,23640,94560,31000,17360,22800,23400,94560
8/31/2020,LB,LB11,1456,828,387,619,3290,822.5,32900,131600,58240,33120,15480,24760,131600
8/31/2020,AT,AT12,1267,1273,118,977,3635,908.75,36350,145400,50680,50920,4720,39080,145400
8/31/2020,Apple,A1,671,1305,203,164,2343,585.75,23430,93720,26840,52200,8120,6560,93720
8/31/2020,Apple,A2,1358,341,195,1699,3593,898.25,35930,143720,54320,13640,7800,67960,143720
8/31/2020,Apple,A3,1343,261,98,550,2252,563,22520,90080,53720,10440,3920,22000,90080
8/31/2020,Apple,A4,671,54,781,1681,3187,796.75,31870,127480,26840,2160,31240,67240,127480
8/31/2020,Apple,A5,684,469,1408,453,3014,753.5,30140,120560,27360,18760,56320,18120,120560
8/31/2020,Apple,A6,71,65,1360,612,2108,527,21080,84320,2840,2600,54400,24480,84320
8/31/2020,Bloom,B1,563,1541,309,283,2696,674,26960,107840,22520,61640,12360,11320,107840
8/31/2020,Bloom,B2,398,482,133,1101,2114,528.5,21140,84560,15920,19280,5320,44040,84560
8/31/2020,Bloom,B3,423,887,289,1347,2946,736.5,29460,117840,16920,35480,11560,53880,117840
8/31/2020,Bloom,B4,997,422,54,485,1958,489.5,19580,78320,39880,16880,2160,19400,78320
8/31/2020,Bloom,B5,164,340,314,1991,2809,702.25,28090,112360,6560,13600,12560,79640,112360
8/31/2020,Bloom,B6,999,1288,2340,185,4812,1203,48120,192480,39960,51520,93600,7400,192480
9/4/2020,LB,LB1,408,443,939,304,2094,523.5,20940,83760,16320,17720,37560,12160,83760
9/4/2020,AT,AT2,1083,311,742,544,2680,670,26800,107200,43320,12440,29680,21760,107200
9/4/2020,LB,LB3,1129,558,186,1481,3354,838.5,33540,134160,45160,22320,7440,59240,134160
9/4/2020,AT,AT4,1212,223,388,639,2462,615.5,24620,98480,48480,8920,15520,25560,98480
9/4/2020,LB,LB5,1925,579,181,1340,4025,1006.25,40250,161000,77000,23160,7240,53600,161000
9/4/2020,AT,AT6,1300,313,371,684,2668,667,26680,106720,52000,12520,14840,27360,106720
9/4/2020,LB,LB7,1492,706,959,1016,4173,1043.25,41730,166920,59680,28240,38360,40640,166920
9/4/2020,AT,AT8,205,1149,1370,118,2842,710.5,28420,113680,8200,45960,54800,4720,113680
9/4/2020,LB,LB9,702,767,351,757,2577,644.25,25770,103080,28080,30680,14040,30280,103080
9/4/2020,AT,AT10,830,156,889,808,2683,670.75,26830,107320,33200,6240,35560,32320,107320
9/4/2020,LB,LB11,1332,591,216,252,2391,597.75,23910,95640,53280,23640,8640,10080,95640
9/4/2020,AT,AT12,844,289,743,842,2718,679.5,27180,108720,33760,11560,29720,33680,108720
9/4/2020,Apple,A1,879,993,854,123,2849,712.25,28490,113960,35160,39720,34160,4920,113960
9/4/2020,Apple,A2,1394,608,446,2844,5292,1323,52920,211680,55760,24320,17840,113760,211680
9/4/2020,Apple,A3,396,1035,332,1374,3137,784.25,31370,125480,15840,41400,13280,54960,125480
9/4/2020,Apple,A4,31,162,444,704,1341,335.25,13410,53640,1240,6480,17760,28160,53640
9/4/2020,Apple,A5,830,464,521,1493,3308,827,33080,132320,33200,18560,20840,59720,132320
9/4/2020,Apple,A6,105,151,860,1257,2373,593.25,23730,94920,4200,6040,34400,50280,94920
9/4/2020,Bloom,B1,844,1573,191,382,2990,747.5,29900,119600,33760,62920,7640,15280,119600
9/4/2020,Bloom,B2,1139,624,231,224,2218,554.5,22180,88720,45560,24960,9240,8960,88720
9/4/2020,Bloom,B3,283,122,875,1138,2418,604.5,24180,96720,11320,4880,35000,45520,96720
9/4/2020,Bloom,B4,178,1215,160,348,1901,475.25,19010,76040,7120,48600,6400,13920,76040
9/4/2020,Bloom,B5,361,66,226,2252,2905,726.25,29050,116200,14440,2640,9040,90080,116200
9/4/2020,Bloom,B6,251,578,159,637,1625,406.25,16250,65000,10040,23120,6360,25480,65000
9/11/2020,LB,LB1,1248,1453,656,1018,4375,1093.75,43750,175000,49920,58120,26240,40720,175000
9/11/2020,AT,AT2,908,750,637,489,2784,696,27840,111360,36320,30000,25480,19560,111360
9/11/2020,LB,LB3,459,523,681,1155,2818,704.5,28180,112720,18360,20920,27240,46200,112720
9/11/2020,AT,AT4,408,306,512,208,1434,358.5,14340,57360,16320,12240,20480,8320,57360
9/11/2020,LB,LB5,1710,345,2094,209,4358,1089.5,43580,174320,68400,13800,83760,8360,174320
9/11/2020,AT,AT6,1235,379,306,397,2317,579.25,23170,92680,49400,15160,12240,15880,92680
9/11/2020,LB,LB7,688,737,1623,763,3811,952.75,38110,152440,27520,29480,64920,30520,152440
9/11/2020,AT,AT8,1880,1279,162,658,3979,994.75,39790,159160,75200,51160,6480,26320,159160
9/11/2020,LB,LB9,541,398,329,218,1486,371.5,14860,59440,21640,15920,13160,8720,59440
9/11/2020,AT,AT10,931,730,371,1081,3113,778.25,31130,124520,37240,29200,14840,43240,124520
9/11/2020,LB,LB11,1722,2101,960,466,5249,1312.25,52490,209960,68880,84040,38400,18640,209960
9/11/2020,AT,AT12,222,1202,1126,1107,3657,914.25,36570,146280,8880,48080,45040,44280,146280
9/11/2020,Apple,A1,988,1221,482,2184,4875,1218.75,48750,195000,39520,48840,19280,87360,195000
9/11/2020,Apple,A2,589,798,1412,2280,5079,1269.75,50790,203160,23560,31920,56480,91200,203160
9/11/2020,Apple,A3,560,743,1161,1946,4410,1102.5,44100,176400,22400,29720,46440,77840,176400
9/11/2020,Apple,A4,29,41,284,431,785,196.25,7850,31400,1160,1640,11360,17240,31400
9/11/2020,Apple,A5,621,1270,1876,3301,7068,1767,70680,282720,24840,50800,75040,132040,282720
9/11/2020,Apple,A6,214,513,1917,2189,4833,1208.25,48330,193320,8560,20520,76680,87560,193320
9/11/2020,Bloom,B1,488,826,1178,2276,4768,1192,47680,190720,19520,33040,47120,91040,190720
9/11/2020,Bloom,B2,233,675,908,2541,4357,1089.25,43570,174280,9320,27000,36320,101640,174280
9/11/2020,Bloom,B3,631,774,812,1663,3880,970,38800,155200,25240,30960,32480,66520,155200
9/11/2020,Bloom,B4,519,1344,107,649,2619,654.75,26190,104760,20760,53760,4280,25960,104760
9/11/2020,Bloom,B5,483,55,703,2193,3434,858.5,34340,137360,19320,2200,28120,87720,137360
9/11/2020,Bloom,B6,979,1295,307,2566,5147,1286.75,51470,205880,39160,51800,12280,102640,205880
9/18/2020,LB,LB1,783,543,799,1004,3129,782.25,31290,125160,31320,21720,31960,40160,125160
9/18/2020,AT,AT2,895,760,604,1053,3312,828,33120,132480,35800,30400,24160,42120,132480
9/18/2020,LB,LB3,954,389,275,1157,2775,693.75,27750,111000,38160,15560,11000,46280,111000
9/18/2020,AT,AT4,60,102,87,150,399,99.75,3990,15960,2400,4080,3480,6000,15960
9/18/2020,LB,LB5,566,1602,1931,432,4531,1132.75,45310,181240,22640,64080,77240,17280,181240
9/18/2020,AT,AT6,1198,389,427,388,2402,600.5,24020,96080,47920,15560,17080,15520,96080
9/18/2020,LB,LB7,1270,168,992,1277,3707,926.75,37070,148280,50800,6720,39680,51080,148280
9/18/2020,AT,AT8,648,1297,187,1886,4018,1004.5,40180,160720,25920,51880,7480,75440,160720
9/18/2020,LB,LB9,118,126,56,406,706,176.5,7060,28240,4720,5040,2240,16240,28240
9/18/2020,AT,AT10,734,704,432,1055,2925,731.25,29250,117000,29360,28160,17280,42200,117000
9/18/2020,LB,LB11,961,1351,442,485,3239,809.75,32390,129560,38440,54040,17680,19400,129560
9/18/2020,AT,AT12,662,483,96,786,2027,506.75,20270,81080,26480,19320,3840,31440,81080
9/18/2020,Apple,A1,494,359,504,409,1766,441.5,17660,70640,19760,14360,20160,16360,70640
9/18/2020,Apple,A2,545,853,1669,2310,5377,1344.25,53770,215080,21800,34120,66760,92400,215080
9/18/2020,Apple,A3,788,1045,831,1900,4564,1141,45640,182560,31520,41800,33240,76000,182560
9/18/2020,Apple,A4,0,11,265,155,431,107.75,4310,17240,0,440,10600,6200,17240
9/18/2020,Apple,A5,493,1478,358,2182,4511,1127.75,45110,180440,19720,59120,14320,87280,180440
9/18/2020,Apple,A6,32,1349,175,1451,3007,751.75,30070,120280,1280,53960,7000,58040,120280
9/18/2020,Bloom,B1,301,969,709,923,2902,725.5,29020,116080,12040,38760,28360,36920,116080
9/18/2020,Bloom,B2,517,540,1815,881,3753,938.25,37530,150120,20680,21600,72600,35240,150120
9/18/2020,Bloom,B3,392,756,1011,1661,3820,955,38200,152800,15680,30240,40440,66440,152800
9/18/2020,Bloom,B4,261,1342,58,486,2147,536.75,21470,85880,10440,53680,2320,19440,85880
9/18/2020,Bloom,B5,117,765,82,2159,3123,780.75,31230,124920,4680,30600,3280,86360,124920
9/18/2020,Bloom,B6,391,727,455,2021,3594,898.5,35940,143760,15640,29080,18200,80840,143760
9/25/2020,LB,LB1,709,1340,1136,345,3530,882.5,35300,141200,28360,53600,45440,13800,141200
9/25/2020,AT,AT2,273,498,555,706,2032,508,20320,81280,10920,19920,22200,28240,81280
9/25/2020,LB,LB3,548,473,205,365,1591,397.75,15910,63640,21920,18920,8200,14600,63640
9/25/2020,AT,AT4,95,152,97,97,441,110.25,4410,17640,3800,6080,3880,3880,17640
9/25/2020,LB,LB5,1240,511,1200,175,3126,781.5,31260,125040,49600,20440,48000,7000,125040
9/25/2020,AT,AT6,1532,802,1153,1086,4573,1143.25,45730,182920,61280,32080,46120,43440,182920
9/25/2020,LB,LB7,1192,960,362,821,3335,833.75,33350,133400,47680,38400,14480,32840,133400
9/25/2020,AT,AT8,213,701,180,502,1596,399,15960,63840,8520,28040,7200,20080,63840
9/25/2020,LB,LB9,28,61,55,22,166,41.5,1660,6640,1120,2440,2200,880,6640
9/25/2020,AT,AT10,461,239,579,343,1622,405.5,16220,64880,18440,9560,23160,13720,64880
9/25/2020,LB,LB11,293,857,1563,849,3562,890.5,35620,142480,11720,34280,62520,33960,142480
9/25/2020,AT,AT12,175,133,179,103,590,147.5,5900,23600,7000,5320,7160,4120,23600
9/25/2020,Apple,A1,281,125,179,25,610,152.5,6100,24400,11240,5000,7160,1000,24400
9/25/2020,Apple,A2,1015,875,2288,1649,5827,1456.75,58270,233080,40600,35000,91520,65960,233080
9/25/2020,Apple,A3,731,1390,769,1718,4608,1152,46080,184320,29240,55600,30760,68720,184320
9/25/2020,Apple,A4,12,76,157,154,399,99.75,3990,15960,480,3040,6280,6160,15960
9/25/2020,Apple,A5,529,402,863,2029,3823,955.75,38230,152920,21160,16080,34520,81160,152920
9/25/2020,Apple,A6,128,982,437,1581,3128,782,31280,125120,5120,39280,17480,63240,125120
9/25/2020,Bloom,B1,171,700,198,286,1355,338.75,13550,54200,6840,28000,7920,11440,54200
9/25/2020,Bloom,B2,848,271,2452,454,4025,1006.25,40250,161000,33920,10840,98080,18160,161000
9/25/2020,Bloom,B3,569,430,876,683,2558,639.5,25580,102320,22760,17200,35040,27320,102320
9/25/2020,Bloom,B4,531,194,910,660,2295,573.75,22950,91800,21240,7760,36400,26400,91800
9/25/2020,Bloom,B5,116,88,155,660,1019,254.75,10190,40760,4640,3520,6200,26400,40760
9/25/2020,Bloom,B6,821,126,870,1376,3193,798.25,31930,127720,32840,5040,34800,55040,127720
10/9/2020,LB,LB1,67,89,296,70,522,130.5,5220,20880,2680,3560,11840,2800,20880
10/9/2020,AT,AT2,117,73,87,96,373,93.25,3730,14920,4680,2920,3480,3840,14920
10/9/2020,LB,LB3,66,34,29,105,234,58.5,2340,9360,2640,1360,1160,4200,9360
10/9/2020,AT,AT4,9,17,46,68,140,35,1400,5600,360,680,1840,2720,5600
10/9/2020,LB,LB5,35,59,23,157,274,68.5,2740,10960,1400,2360,920,6280,10960
10/9/2020,AT,AT6,5,65,3,43,116,29,1160,4640,200,2600,120,1720,4640
10/9/2020,LB,LB7,39,15,15,43,112,28,1120,4480,1560,600,600,1720,4480
10/9/2020,AT,AT8,19,12,14,57,102,25.5,1020,4080,760,480,560,2280,4080
10/9/2020,LB,LB9,20,26,36,95,177,44.25,1770,7080,800,1040,1440,3800,7080
10/9/2020,AT,AT10,34,15,21,6,76,19,760,3040,1360,600,840,240,3040
10/9/2020,LB,LB11,16,41,5,51,113,28.25,1130,4520,640,1640,200,2040,4520
10/9/2020,AT,AT12,9,11,74,61,155,38.75,1550,6200,360,440,2960,2440,6200
10/9/2020,Apple,A1,297,86,82,105,570,142.5,5700,22800,11880,3440,3280,4200,22800
10/9/2020,Apple,A2,366,197,453,751,1767,441.75,17670,70680,14640,7880,18120,30040,70680
10/9/2020,Apple,A3,96,312,274,268,950,237.5,9500,38000,3840,12480,10960,10720,38000
10/9/2020,Apple,A4,2,125,9,93,229,57.25,2290,9160,80,5000,360,3720,9160
10/9/2020,Apple,A5,67,66,80,253,466,116.5,4660,18640,2680,2640,3200,10120,18640
10/9/2020,Apple,A6,1,279,67,533,880,220,8800,35200,40,11160,2680,21320,35200
10/9/2020,Bloom,B1,77,244,140,100,561,140.25,5610,22440,3080,9760,5600,4000,22440
10/9/2020,Bloom,B2,435,121,150,277,983,245.75,9830,39320,17400,4840,6000,11080,39320
10/9/2020,Bloom,B3,225,274,397,479,1375,343.75,13750,55000,9000,10960,15880,19160,55000
10/9/2020,Bloom,B4,186,583,240,446,1455,363.75,14550,58200,7440,23320,9600,17840,58200
10/9/2020,Bloom,B5,48,7,84,246,385,96.25,3850,15400,1920,280,3360,9840,15400
10/9/2020,Bloom,B6,336,853,491,824,2504,626,25040,100160,13440,34120,19640,32960,100160
10/18/2020,LB,LB1,51,49,75,31,206,51.5,2060,8240,2040,1960,3000,1240,8240
10/18/2020,AT,AT2,34,65,94,49,242,60.5,2420,9680,1360,2600,3760,1960,9680
10/18/2020,LB,LB3,35,27,31,35,128,32,1280,5120,1400,1080,1240,1400,5120
10/18/2020,AT,AT4,11,15,14,40,80,20,800,3200,440,600,560,1600,3200
10/18/2020,LB,LB5,29,26,31,16,102,25.5,1020,4080,1160,1040,1240,640,4080
10/18/2020,AT,AT6,33,36,49,96,214,53.5,2140,8560,1320,1440,1960,3840,8560
10/18/2020,LB,LB7,127,11,69,7,214,53.5,2140,8560,5080,440,2760,280,8560
10/18/2020,AT,AT8,53,118,139,302,612,153,6120,24480,2120,4720,5560,12080,24480
10/18/2020,LB,LB9,19,78,106,16,219,54.75,2190,8760,760,3120,4240,640,8760
10/18/2020,AT,AT10,77,51,94,165,387,96.75,3870,15480,3080,2040,3760,6600,15480
10/18/2020,LB,LB11,38,123,43,175,379,94.75,3790,15160,1520,4920,1720,7000,15160
10/18/2020,AT,AT12,74,3,9,26,112,28,1120,4480,2960,120,360,1040,4480
10/18/2020,Apple,A1,87,342,12,81,522,130.5,5220,20880,3480,13680,480,3240,20880
10/18/2020,Apple,A2,41,101,302,206,650,162.5,6500,26000,1640,4040,12080,8240,26000
10/18/2020,Apple,A3,33,49,55,245,382,95.5,3820,15280,1320,1960,2200,9800,15280
10/18/2020,Apple,A4,0,12,29,46,87,21.75,870,3480,0,480,1160,1840,3480
10/18/2020,Apple,A5,41,66,25,481,613,153.25,6130,24520,1640,2640,1000,19240,24520
10/18/2020,Apple,A6,6,121,90,477,694,173.5,6940,27760,240,4840,3600,19080,27760
10/18/2020,Bloom,B1,62,336,70,108,576,144,5760,23040,2480,13440,2800,4320,23040
10/18/2020,Bloom,B2,61,70,337,330,798,199.5,7980,31920,2440,2800,13480,13200,31920
10/18/2020,Bloom,B3,135,224,484,374,1217,304.25,12170,48680,5400,8960,19360,14960,48680
10/18/2020,Bloom,B4,71,22,228,272,593,148.25,5930,23720,2840,880,9120,10880,23720
10/18/2020,Bloom,B5,9,82,8,414,513,128.25,5130,20520,360,3280,320,16560,20520
10/18/2020,Bloom,B6,92,69,131,524,816,204,8160,32640,3680,2760,5240,20960,32640
11/1/2020,LB,LB1,12,13,23,26,74,18.5,740,2960,480,520,920,1040,2960
11/1/2020,AT,AT2,15,27,15,18,75,18.75,750,3000,600,1080,600,720,3000
11/1/2020,LB,LB3,5,3,7,3,18,4.5,180,720,200,120,280,120,720
11/1/2020,AT,AT4,9,18,4,3,34,8.5,340,1360,360,720,160,120,1360
11/1/2020,LB,LB5,21,27,4,9,61,15.25,610,2440,840,1080,160,360,2440
11/1/2020,AT,AT6,6,3,17,5,31,7.75,310,1240,240,120,680,200,1240
11/1/2020,LB,LB7,3,9,12,22,46,11.5,460,1840,120,360,480,880,1840
11/1/2020,AT,AT8,3,13,9,2,27,6.75,270,1080,120,520,360,80,1080
11/1/2020,LB,LB9,6,11,36,17,70,17.5,700,2800,240,440,1440,680,2800
11/1/2020,AT,AT10,16,4,7,2,29,7.25,290,1160,640,160,280,80,1160
11/1/2020,LB,LB11,28,4,3,9,44,11,440,1760,1120,160,120,360,1760
11/1/2020,AT,AT12,8,8,5,7,28,7,280,1120,320,320,200,280,1120
11/1/2020,Apple,A1,5,20,97,23,145,36.25,1450,5800,200,800,3880,920,5800
11/1/2020,Apple,A2,31,4,11,3,49,12.25,490,1960,1240,160,440,120,1960
11/1/2020,Apple,A3,12,8,97,16,133,33.25,1330,5320,480,320,3880,640,5320
11/1/2020,Apple,A4,13,8,18,31,70,17.5,700,2800,520,320,720,1240,2800
11/1/2020,Apple,A5,17,5,23,32,77,19.25,770,3080,680,200,920,1280,3080
11/1/2020,Apple,A6,5,37,5,17,64,16,640,2560,200,1480,200,680,2560
11/1/2020,Bloom,B1,64,77,120,55,316,79,3160,12640,2560,3080,4800,2200,12640
11/1/2020,Bloom,B2,118,151,61,24,354,88.5,3540,14160,4720,6040,2440,960,14160
11/1/2020,Bloom,B3,21,14,71,50,156,39,1560,6240,840,560,2840,2000,6240
11/1/2020,Bloom,B4,32,156,64,5,257,64.25,2570,10280,1280,6240,2560,200,10280
11/1/2020,Bloom,B5,9,19,11,72,111,27.75,1110,4440,360,760,440,2880,4440
11/1/2020,Bloom,B6,44,35,18,15,112,28,1120,4480,1760,1400,720,600,4480
11/10/2020,LB,LB1,33,22,11,13,79,19.75,790,3160,1320,880,440,520,3160
11/10/2020,AT,AT2,10,21,13,59,103,25.75,1030,4120,400,840,520,2360,4120
11/10/2020,LB,LB3,16,19,7,14,56,14,560,2240,640,760,280,560,2240
11/10/2020,AT,AT4,0,3,15,4,22,5.5,220,880,0,120,600,160,880
11/10/2020,LB,LB5,29,9,19,24,81,20.25,810,3240,1160,360,760,960,3240
11/10/2020,AT,AT6,48,13,34,26,121,30.25,1210,4840,1920,520,1360,1040,4840
11/10/2020,LB,LB7,34,14,65,17,130,32.5,1300,5200,1360,560,2600,680,5200
11/10/2020,AT,AT8,17,16,32,4,69,17.25,690,2760,680,640,1280,160,2760
11/10/2020,LB,LB9,9,6,12,6,33,8.25,330,1320,360,240,480,240,1320
11/10/2020,AT,AT10,14,15,5,14,48,12,480,1920,560,600,200,560,1920
11/10/2020,LB,LB11,25,8,15,9,57,14.25,570,2280,1000,320,600,360,2280
11/10/2020,AT,AT12,5,4,4,2,15,3.75,150,600,200,160,160,80,600
11/10/2020,Apple,A1,6,17,82,8,113,28.25,1130,4520,240,680,3280,320,4520
11/10/2020,Apple,A2,31,5,4,7,47,11.75,470,1880,1240,200,160,280,1880
11/10/2020,Apple,A3,5,3,85,6,99,24.75,990,3960,200,120,3400,240,3960
11/10/2020,Apple,A4,7,4,9,26,46,11.5,460,1840,280,160,360,1040,1840
11/10/2020,Apple,A5,15,7,21,26,69,17.25,690,2760,600,280,840,1040,2760
11/10/2020,Apple,A6,7,3,11,19,40,10,400,1600,280,120,440,760,1600
11/10/2020,Bloom,B1,141,202,123,85,551,137.75,5510,22040,5640,8080,4920,3400,22040
11/10/2020,Bloom,B2,104,130,47,19,300,75,3000,12000,4160,5200,1880,760,12000
11/10/2020,Bloom,B3,95,18,86,58,257,64.25,2570,10280,3800,720,3440,2320,10280
11/10/2020,Bloom,B4,17,182,81,3,283,70.75,2830,11320,680,7280,3240,120,11320
11/10/2020,Bloom,B5,65,37,36,97,235,58.75,2350,9400,2600,1480,1440,3880,9400
11/10/2020,Bloom,B6,60,66,19,55,200,50,2000,8000,2400,2640,760,2200,8000
11/21/2020,LB,LB1,11,2,4,6,23,5.75,230,920,440,80,160,240,920
11/21/2020,AT,AT2,5,7,8,10,30,7.5,300,1200,200,280,320,400,1200
11/21/2020,LB,LB3,5,7,4,3,19,4.75,190,760,200,280,160,120,760
11/21/2020,AT,AT4,3,9,18,4,34,8.5,340,1360,120,360,720,160,1360
11/21/2020,LB,LB5,4,6,3,6,19,4.75,190,760,160,240,120,240,760
11/21/2020,AT,AT6,10,6,4,3,23,5.75,230,920,400,240,160,120,920
11/21/2020,LB,LB7,3,6,4,5,18,4.5,180,720,120,240,160,200,720
11/21/2020,AT,AT8,3,5,4,6,18,4.5,180,720,120,200,160,240,720
11/21/2020,LB,LB9,4,10,5,6,25,6.25,250,1000,160,400,200,240,1000
11/21/2020,AT,AT10,3,5,6,2,16,4,160,640,120,200,240,80,640
11/21/2020,LB,LB11,4,6,6,3,19,4.75,190,760,160,240,240,120,760
11/21/2020,AT,AT12,5,9,6,4,24,6,240,960,200,360,240,160,960
11/21/2020,Apple,A1,2,0,5,3,10,2.5,100,400,80,0,200,120,400
11/21/2020,Apple,A2,0,3,2,4,9,2.25,90,360,0,120,80,160,360
11/21/2020,Apple,A3,7,3,4,8,22,5.5,220,880,280,120,160,320,880
11/21/2020,Apple,A4,1,3,5,7,16,4,160,640,40,120,200,280,640
11/21/2020,Apple,A5,4,0,4,3,11,2.75,110,440,160,0,160,120,440
11/21/2020,Apple,A6,8,12,5,5,30,7.5,300,1200,320,480,200,200,1200
11/21/2020,Bloom,B1,5,9,10,14,38,9.5,380,1520,200,360,400,560,1520
11/21/2020,Bloom,B2,7,9,12,15,43,10.75,430,1720,280,360,480,600,1720
11/21/2020,Bloom,B3,3,2,5,4,14,3.5,140,560,120,80,200,160,560
11/21/2020,Bloom,B4,10,11,8,5,34,8.5,340,1360,400,440,320,200,1360
11/21/2020,Bloom,B5,9,5,4,11,29,7.25,290,1160,360,200,160,440,1160
11/21/2020,Bloom,B6,10,5,14,19,48,12,480,1920,400,200,560,760,1920